{
    "rmse": 4.273684221048919,
    "r2": 0.9953018841138643,
    "step": 99
}
