{
    "rmse": 4.289857728909497,
    "r2": 0.995266257338138,
    "step": 99
}
