{
    "rmse": 4.274536980859348,
    "r2": 0.9953000090272108,
    "step": 99
}
